X,Y,Z,nx,ny,nz,feature_name,val
3500,1000,9000,0.64278761,0,0.766044443,S0,
3500,1000,7100,-0.64278761,0,-0.766044443,S0,
5200,1000,6500,-0.573576436,0,-0.819152044,S0,
5200,1000,7800,0.766044443,0,0.64278761,S0,
9000,1000,6600,0.984807753,0,-0.173648178,S0,
