X,Y,Z,nx,ny,nz,feature_name,val,
4800,1000,8250,0.422618262,0,0.906307787,S3,1,
6500,1000,6600,0.984807753,0,0.173648178,S3,,
5000,1000,5500,0.258819045,0,-0.965925826,S3,,
6200,1000,6000,0.707106781,0,-0.707106781,S3,,
3250,1000,3500,1,0,0,S3,,
6900,1000,800,0,0,1,S3,,
1000,1000,12000,0,0,1,S3,,`
8000,1000,9000,0.984807753,0,0.173648178,S3,,
