X,Y,Z,nx,ny,nz,feature_name,val
750,1000,8000,-0.866025404,0,0.5,S2,1
1850,1000,8000,0.707106781,0,-0.707106781,S2,
3500,1000,8000,-0.707106781,0,0.707106781,S2,
5100,1000,8000,0.766044443,0,-0.64278761,S2,
11000,1000,8000,-0.866025404,0,0.5,S2,
2500,1000,8000,-0.707106781,0,-0.707106781,S2,
4800,1000,8000,0.64278761,0,0.766044443,S2,
,,,,,,,
,,,,,,,
,,,,,,,
,,,,,,,
,,,,,,,
,,,,,,,
,,,,,,,
,,,,,,,
,,,,,,,
,,,,,,,
,,,,,,,
,,,,,,,
,,,,,,,
,,,,,,,
,,,,,,,
,,,,,,,
,,,,,,24.97272727,
